{"L_SPT_4650005_LSpecialT_1_ants (part 1)": 433.26669902015317, "L_SPT_4650007_LSpecialT_1_ants (part 1)": 224.99233242025002, "L_SPT_4650010_LSpecialT_1_ants (part 1)": 540.2179970599866, "L_SPT_4650013_LSpecialT_1_ants": 178.90627619739786, "L_SPT_4650014_LSpecialT_1_ants": 170.76705410040887, "L_SPT_4650015_LSpecialT_1_ants (part 1)": 548.4645119190931, "L_SPT_4650017_LSpecialT_1_ants (part 1)": 694.0386435983977, "L_SPT_4660001_LSpecialT_1_ants (part 1)": 551.3351367568029, "L_SPT_4660003_LSpecialT_1_ants": 233.97337775019318, "L_SPT_4660004_LSpecialT_1_ants (part 1)": 510.4426998253882, "L_SPT_4660006_LSpecialT_1_ants (part 1)": 494.68079659225265, "L_SPT_4660008_LSpecialT_1_ants": 177.57213948240562, "L_SPT_4660009_LSpecialT_1_ants": 98.29492154440118, "L_SPT_4660010_LSpecialT_1_ants": 129.46630763454772, "L_SPT_4660011_LSpecialT_1_ants": 90.78792714053932, "L_SPT_4660012_LSpecialT_1_ants": 135.13908685175636, "L_SPT_4660016_LSpecialT_1_ants (part 1)": 520.4519234161272, "L_SPT_4660018_LSpecialT_1_ants (part 1)": 628.0631093851624, "L_SPT_4660021_LSpecialT_1_ants (part 1)": 532.0649930342495, "L_SPT_4670001_LSpecialT_1_ants (part 1)": 542.171336001221, "L_SPT_4670004_LSpecialT_1_ants (part 1)": 605.6389276106428, "L_SPT_4670006_LSpecialT_1_ants (part 1)": 536.6680368329274, "L_SPT_4670011_LSpecialT_1_ants": 245.41304891389177, "L_SPT_4670013_LSpecialT_1_ants (part 1)": 365.2375731245441, "M_SPT_4680005_MSpecialT_1_ants": 86.75015123295708, "M_SPT_4680008_MSpecialT_1_ants (part 1)": 315.08219179364744, "M_SPT_4690006_MSpecialT_1_ants": 14.718248811942564, "M_SPT_4690009_MSpecialT_1_ants (part 1)": 165.1791922705161, "M_SPT_4690010_MSpecialT_1_ants": 88.25720500661035, "M_SPT_4690012_MSpecialT_1_ants": 73.94404073969118, "M_SPT_4690013_MSpecialT_1_ants (part 1)": 177.94368076273724, "XL_SPT_4630018_XLSpecialT_1_ants": 274.5590506570958, "M_SPT_4700003_MSpecialT_1_ants (part 1)": 143.8019924234727, "M_SPT_4700005_MSpecialT_1_ants": 56.11911043194293, "M_SPT_4700006_MSpecialT_1_ants": 80.67275240328705, "M_SPT_4700007_MSpecialT_1_ants": 69.13308623882297, "M_SPT_4700008_MSpecialT_1_ants": 96.51804164756528, "M_SPT_4700009_MSpecialT_1_ants": 103.84157844936577, "M_SPT_4700010_MSpecialT_1_ants (part 1)": 288.0437934896521, "M_SPT_4700012_MSpecialT_1_ants": 32.752883550766164, "M_SPT_4700013_MSpecialT_1_ants": 147.55810234698265, "M_SPT_4700014_MSpecialT_1_ants (part 1)": 181.801025338369, "M_SPT_4700015_MSpecialT_1_ants": 111.62617208955282, "M_SPT_4700016_MSpecialT_1_ants (part 1)": 220.1953913990419, "M_SPT_4700018_MSpecialT_1_ants": 91.66599527208044, "M_SPT_4700021_MSpecialT_1_ants": 52.14069741246957, "M_SPT_4700022_MSpecialT_1_ants": 48.802765951113386, "M_SPT_4710001_MSpecialT_1_ants": 77.27689192137902, "M_SPT_4710003_MSpecialT_1_ants": 174.1918047336428, "M_SPT_4710004_MSpecialT_1_ants": 184.81095010570138, "M_SPT_4710005_MSpecialT_1_ants": 52.130457614120104, "S_SPT_4710013_SSpecialT_1_ants": 30.318370266477128, "S_SPT_4710014_SSpecialT_1_ants (part 1)": 41.183620177503606, "S_SPT_4720002_SSpecialT_1_ants (part 1)": 44.67903964694491, "S_SPT_4720005_SSpecialT_1_ants (part 1)": 82.02167054771432, "S_SPT_4720017_SSpecialT_1_ants": 75.61718390873071, "S_SPT_4730013_SSpecialT_1_ants (part 1)": 113.40268517550763, "S_SPT_4740002_SSpecialT_1_ants (part 1)": 198.09881677717075, "S_SPT_4740004_SSpecialT_1_ants": 35.14701242697428, "S_SPT_4740008_SSpecialT_1_ants (part 1)": 130.22882839393822, "XL_SPT_4630015_XLSpecialT_1_ants (part 1)": 459.08043808338374, "S_SPT_4750004_SSpecialT_1_ants (part 1)": 39.688926729187685, "S_SPT_4750005_SSpecialT_1_ants (part 1)": 125.39017181633167, "S_SPT_4750007_SSpecialT_1_ants (part 1)": 128.8831768616984, "S_SPT_4750009_SSpecialT_2_ants (part 1)": 179.55447910708347, "S_SPT_4750014_SSpecialT_1_ants (part 1)": 93.08056552395661, "S_SPT_4750016_SSpecialT_1_ants (part 1)": 38.87803260714186, "S_SPT_4760017_SSpecialT_1_ants (part 1)": 91.73488349165986, "S_SPT_4760019_SSpecialT_1_ants (part 1)": 141.45097250379607, "S_SPT_4770001_SSpecialT_1_ants (part 1)": 137.14649007190928, "S_SPT_4770005_SSpecialT_1_ants (part 1)": 94.01508457225653, "S_SPT_4770007_SSpecialT_1_ants (part 1)": 115.26739025084753, "S_SPT_4770012_SSpecialT_1_ants (part 1)": 6.44404073709466, "S_SPT_4780002_SSpecialT_1_ants": 11.112304858066192, "S_SPT_4780007_SSpecialT_1_ants (part 1)": 22.2891519996854, "S_SPT_4780009_SSpecialT_1_ants (part 1)": 24.013346616775394, "S_SPT_4790002_SSpecialT_1_ants (part 1)": 24.30464344162488, "S_SPT_4790005_SSpecialT_1_ants (part 1)": 13.448970841714894, "S_SPT_4790007_SSpecialT_1_ants (part 1)": 12.742184312046584, "S_SPT_4790009_SSpecialT_1_ants (part 1)": 15.882264969149993, "S_SPT_4800001_SSpecialT_1_ants (part 1)": 97.87822958445064, "S_SPT_4800004_SSpecialT_1_ants (part 1)": 15.546234848972164, "S_SPT_4800006_SSpecialT_1_ants (part 1)": 16.296245615997538, "S_SPT_4800009_SSpecialT_1_ants (part 1)": 27.859451839360297, "XL_SPT_4630002_XLSpecialT_1_ants (part 1)": 709.7657525652069, "XL_SPT_4630005_XLSpecialT_1_ants (part 1)": 598.831456088977, "XL_SPT_4630007_XLSpecialT_1_ants (part 1)": 398.37624805201096, "XL_SPT_4630009_XLSpecialT_1_ants": 80.62034558167201, "XL_SPT_4630010_XLSpecialT_1_ants": 102.80552052473277, "XL_SPT_4630011_XLSpecialT_1_ants": 322.9211352865475, "XL_SPT_4630012_XLSpecialT_1_ants (part 1)": 440.51836440861575, "XL_SPT_4630014_XLSpecialT_1_ants": 104.09754024634464, "XL_SPT_4640012_XLSpecialT_1_ants": 360.4703173840359, "XL_SPT_4630017_XLSpecialT_1_ants": 207.1003392275028, "XL_SPT_4640015_XLSpecialT_1_ants": 320.61005796971904, "XL_SPT_4640023_XLSpecialT_1_ants": 327.52758186666335, "XL_SPT_4640005_XLSpecialT_1_ants (part 1)": 538.8593396284741, "XL_SPT_4640007_XLSpecialT_1_ants (part 1)": 457.18083439845043, "XL_SPT_4640009_XLSpecialT_1_ants (part 1)": 694.2228990411903, "XL_SPT_4640013_XLSpecialT_1_ants": 165.49734311320168, "XL_SPT_4640014_XLSpecialT_1_ants": 250.56492944941067, "XL_SPT_4640016_XLSpecialT_1_ants (part 1)": 409.49616354509584, "XL_SPT_4640018_XLSpecialT_1_ants": 154.86223853771355, "XL_SPT_4640020_XLSpecialT_1_ants": 141.86315494165802, "XL_SPT_4640021_XLSpecialT_1_ants (part 1)": 637.6909063152061, "XL_SPT_4640024_XLSpecialT_1_ants (part 1)": 587.9142651665535, "XL_SPT_4630019_XLSpecialT_1_ants (part 1)": 503.82539341917044, "L_SPT_5010001_LSpecialT_1_ants (part 1)": 405.15787443974193, "S_SPT_4750002_SSpecialT_1_ants (part 1)": 201.4496499033731, "XL_SPT_5040008_XLSpecialT_1_ants (part 1)": 221.9846481518721, "M_SPT_5050016_MSpecialT_1": 190.17824990455884, "M_SPT_5050005_MSpecialT_1_ants (part 1)": 315.0642978063617, "M_SPT_5050010_MSpecialT_1_ants (part 1)": 340.2926068622392, "M_SPT_5050014_MSpecialT_1 (part 1)": 424.15127008835947, "XL_SPT_5040013_XLSpecialT_1_ants": 148.3157640980093, "M_SPT_5050017_MSpecialT_1 (part 1)": 371.72385933427796, "M_SPT_5050008_MSpecialT_1_ants (part 1)": 299.8889628915286, "XL_SPT_5040010_XLSpecialT_1_ants (part 1)": 531.078577020863, "S_SPT_5090009_SSpecialT_1_ants (part 1)": 195.47798902623936, "S_SPT_5180020_SSpecialT_1_ants": 188.0629472933851, "S_SPT_5100010_SSpecialT_1_ants (part 1)": 116.31670499160283, "S_SPT_5090007_SSpecialT_1_ants (part 1)": 272.73840051734214, "S_SPT_5180007_SSpecialT_1_ants (part 1)": 301.4703130701691, "S_SPT_5190017_SSpecialT_1_ants": 19.791417789458627, "S_SPT_5190018_SSpecialT_1_ants": 91.10689193596997, "S_SPT_5100003_SSpecialT_1_ants (part 1)": 278.9476991408344, "S_SPT_5180005_SSpecialT_1_ants (part 1)": 378.5580703403924, "S_SPT_5180014_SSpecialT_1_ants (part 1)": 273.9785807302507, "S_SPT_5180001_SSpecialT_1_ants (part 1)": 192.21872030846077, "S_SPT_5100008_SSpecialT_1_ants": 116.42323871183154, "S_SPT_5190009_SSpecialT_1_ants (part 1)": 378.63889215806046, "S_SPT_5180016_SSpecialT_1_ants (part 1)": 316.89998640198144, "S_SPT_5090011_SSpecialT_1_ants (part 1)": 271.35134877217575, "S_SPT_5100005_SSpecialT_1_ants (part 1)": 185.4532911480142,