{"L_SPT_4650005_LSpecialT_1_ants (part 1)": 687.1372868568135, "L_SPT_4650007_LSpecialT_1_ants (part 1)": 375.52719774379625, "L_SPT_4650010_LSpecialT_1_ants (part 1)": 926.8196770386667, "L_SPT_4650013_LSpecialT_1_ants": 327.2438554398276, "L_SPT_4650014_LSpecialT_1_ants": 270.63669800012565, "L_SPT_4650015_LSpecialT_1_ants (part 1)": 923.9819252904224, "L_SPT_4650017_LSpecialT_1_ants (part 1)": 1202.2728011296604, "L_SPT_4660001_LSpecialT_1_ants (part 1)": 894.3195628876936, "L_SPT_4660003_LSpecialT_1_ants": 384.62814168096844, "L_SPT_4660004_LSpecialT_1_ants (part 1)": 795.006152263557, "L_SPT_4660006_LSpecialT_1_ants (part 1)": 733.516737725958, "L_SPT_4660008_LSpecialT_1_ants": 280.40114894369424, "L_SPT_4660009_LSpecialT_1_ants": 164.89464631963273, "L_SPT_4660010_LSpecialT_1_ants": 229.0123304123281, "L_SPT_4660011_LSpecialT_1_ants": 154.4176131602515, "L_SPT_4660012_LSpecialT_1_ants": 225.85461419898593, "L_SPT_4660016_LSpecialT_1_ants (part 1)": 843.8964010653035, "L_SPT_4660018_LSpecialT_1_ants (part 1)": 1027.7704229751578, "L_SPT_4660021_LSpecialT_1_ants (part 1)": 873.761038033776, "L_SPT_4670001_LSpecialT_1_ants (part 1)": 880.297520447893, "L_SPT_4670004_LSpecialT_1_ants (part 1)": 1053.4662681323716, "L_SPT_4670006_LSpecialT_1_ants (part 1)": 887.392191782996, "L_SPT_4670011_LSpecialT_1_ants": 408.08276947835685, "L_SPT_4670013_LSpecialT_1_ants (part 1)": 625.1097817451223, "M_SPT_4680005_MSpecialT_1_ants": 142.3530800175408, "M_SPT_4680008_MSpecialT_1_ants (part 1)": 499.2172233287561, "M_SPT_4690006_MSpecialT_1_ants": 30.381008117220514, "M_SPT_4690009_MSpecialT_1_ants (part 1)": 277.26741252180256, "M_SPT_4690010_MSpecialT_1_ants": 152.47559461050216, "M_SPT_4690012_MSpecialT_1_ants": 139.48245602456603, "M_SPT_4690013_MSpecialT_1_ants (part 1)": 288.77329852776626, "XL_SPT_4630018_XLSpecialT_1_ants": 441.4878692665482, "M_SPT_4700003_MSpecialT_1_ants (part 1)": 200.4096559417843, "M_SPT_4700005_MSpecialT_1_ants": 99.20075253070573, "M_SPT_4700006_MSpecialT_1_ants": 136.3818968032491, "M_SPT_4700007_MSpecialT_1_ants": 117.99214447880257, "M_SPT_4700008_MSpecialT_1_ants": 182.3909931529592, "M_SPT_4700009_MSpecialT_1_ants": 171.45047115589188, "M_SPT_4700010_MSpecialT_1_ants (part 1)": 457.33993254443203, "M_SPT_4700012_MSpecialT_1_ants": 54.93742053350828, "M_SPT_4700013_MSpecialT_1_ants": 279.76014504291317, "M_SPT_4700014_MSpecialT_1_ants (part 1)": 312.684004828306, "M_SPT_4700015_MSpecialT_1_ants": 194.37103804960105, "M_SPT_4700016_MSpecialT_1_ants (part 1)": 349.8904759988103, "M_SPT_4700018_MSpecialT_1_ants": 148.85255447526475, "M_SPT_4700021_MSpecialT_1_ants": 96.85894647400674, "M_SPT_4700022_MSpecialT_1_ants": 82.60719053898099, "M_SPT_4710001_MSpecialT_1_ants": 133.73152019988018, "M_SPT_4710003_MSpecialT_1_ants": 301.1491992719243, "M_SPT_4710004_MSpecialT_1_ants": 311.1191303787899, "M_SPT_4710005_MSpecialT_1_ants": 95.75542106615828, "S_SPT_4710013_SSpecialT_1_ants": 60.38759925897079, "S_SPT_4710014_SSpecialT_1_ants (part 1)": 79.4194049304392, "S_SPT_4720002_SSpecialT_1_ants (part 1)": 83.3122056553827, "S_SPT_4720005_SSpecialT_1_ants (part 1)": 141.8955481646709, "S_SPT_4720017_SSpecialT_1_ants": 147.51082070049625, "S_SPT_4730013_SSpecialT_1_ants (part 1)": 205.29004699237976, "S_SPT_4740002_SSpecialT_1_ants (part 1)": 346.7833247867278, "S_SPT_4740004_SSpecialT_1_ants": 62.73913246406611, "S_SPT_4740008_SSpecialT_1_ants (part 1)": 219.255518430275, "XL_SPT_4630015_XLSpecialT_1_ants (part 1)": 732.296647439141, "S_SPT_4750004_SSpecialT_1_ants (part 1)": 70.54601536300831, "S_SPT_4750005_SSpecialT_1_ants (part 1)": 209.39105851077812, "S_SPT_4750007_SSpecialT_1_ants (part 1)": 234.25851156146177, "S_SPT_4750009_SSpecialT_2_ants (part 1)": 324.7196490259618, "S_SPT_4750014_SSpecialT_1_ants (part 1)": 159.809899603246, "S_SPT_4750016_SSpecialT_1_ants (part 1)": 77.82713224000213, "S_SPT_4760017_SSpecialT_1_ants (part 1)": 163.12140687699107, "S_SPT_4760019_SSpecialT_1_ants (part 1)": 241.3044067770546, "S_SPT_4770001_SSpecialT_1_ants (part 1)": 251.91401241598737, "S_SPT_4770005_SSpecialT_1_ants (part 1)": 169.90683588665883, "S_SPT_4770007_SSpecialT_1_ants (part 1)": 213.57346046578726, "S_SPT_4770012_SSpecialT_1_ants (part 1)": 11.145884113481447, "S_SPT_4780002_SSpecialT_1_ants": 17.51428053003489, "S_SPT_4780007_SSpecialT_1_ants (part 1)": 38.58274560900048, "S_SPT_4780009_SSpecialT_1_ants (part 1)": 38.61223785687058, "S_SPT_4790002_SSpecialT_1_ants (part 1)": 41.4614588496169, "S_SPT_4790005_SSpecialT_1_ants (part 1)": 21.58462273382737, "S_SPT_4790007_SSpecialT_1_ants (part 1)": 19.046397933413203, "S_SPT_4790009_SSpecialT_1_ants (part 1)": 25.992524857234365, "S_SPT_4800001_SSpecialT_1_ants (part 1)": 179.86570746516048, "S_SPT_4800004_SSpecialT_1_ants (part 1)": 20.274246399784904, "S_SPT_4800006_SSpecialT_1_ants (part 1)": 27.620159013110477, "S_SPT_4800009_SSpecialT_1_ants (part 1)": 49.0732939398409, "XL_SPT_4630002_XLSpecialT_1_ants (part 1)": 1243.2544915615103, "XL_SPT_4630005_XLSpecialT_1_ants (part 1)": 959.8665464782893, "XL_SPT_4630007_XLSpecialT_1_ants (part 1)": 617.1219619841448, "XL_SPT_4630009_XLSpecialT_1_ants": 144.3877477343432, "XL_SPT_4630010_XLSpecialT_1_ants": 161.173476714376, "XL_SPT_4630011_XLSpecialT_1_ants": 500.0544754859668, "XL_SPT_4630012_XLSpecialT_1_ants (part 1)": 826.1980517913763, "XL_SPT_4630014_XLSpecialT_1_ants": 200.65182410238378, "XL_SPT_4640012_XLSpecialT_1_ants": 574.5089647587928, "XL_SPT_4630017_XLSpecialT_1_ants": 338.68233532773036, "XL_SPT_4640015_XLSpecialT_1_ants": 529.7804820842086, "XL_SPT_4640023_XLSpecialT_1_ants": 513.8574920167507, "XL_SPT_4640005_XLSpecialT_1_ants (part 1)": 836.0677976684535, "XL_SPT_4640007_XLSpecialT_1_ants (part 1)": 719.6202360472504, "XL_SPT_4640009_XLSpecialT_1_ants (part 1)": 1082.7954634702912, "XL_SPT_4640013_XLSpecialT_1_ants": 277.4807770102526, "XL_SPT_4640014_XLSpecialT_1_ants": 398.73979069766114, "XL_SPT_4640016_XLSpecialT_1_ants (part 1)": 686.8669541694239, "XL_SPT_4640018_XLSpecialT_1_ants": 247.23590225443166, "XL_SPT_4640020_XLSpecialT_1_ants": 225.88060337881882, "XL_SPT_4640021_XLSpecialT_1_ants (part 1)": 1080.3122326402945, "XL_SPT_4640024_XLSpecialT_1_ants (part 1)": 905.0767249105191, "XL_SPT_4630019_XLSpecialT_1_ants (part 1)": 818.7325873617715, "L_SPT_5010001_LSpecialT_1_ants (part 1)": 627.1686820366804, "S_SPT_4750002_SSpecialT_1_ants (part 1)": 362.67712073491094, "XL_SPT_5040008_XLSpecialT_1_ants (part 1)": 378.34311356002144, "M_SPT_5050016_MSpecialT_1": 324.5906755232999, "M_SPT_5050005_MSpecialT_1_ants (part 1)": 542.3660601003822, "M_SPT_5050010_MSpecialT_1_ants (part 1)": 565.2312650784091, "M_SPT_5050014_MSpecialT_1 (part 1)": 693.3057434885044, "XL_SPT_5040013_XLSpecialT_1_ants": 235.9292806956806, "M_SPT_5050017_MSpecialT_1 (part 1)": 639.9730393533254, "M_SPT_5050008_MSpecialT_1_ants (part 1)": 480.82297138610903, "XL_SPT_5040010_XLSpecialT_1_ants (part 1)": 907.7324926265262, "S_SPT_5090009_SSpecialT_1_ants (part 1)": 332.05085105936723, "S_SPT_5180020_SSpecialT_1_ants": 316.164104143589, "S_SPT_5100010_SSpecialT_1_ants (part 1)": 205.99846054226091, "S_SPT_5090007_SSpecialT_1_ants (part 1)": 455.16959353608826, "S_SPT_5180007_SSpecialT_1_ants (part 1)": 480.63073861683813, "S_SPT_5190017_SSpecialT_1_ants": 36.11629355692226, "S_SPT_5190018_SSpecialT_1_ants": 140.8870937760917, "S_SPT_5100003_SSpecialT_1_ants (part 1)": 478.7386485580056, "S_SPT_5180005_SSpecialT_1_ants (part 1)": 597.1292044072627, "S_SPT_5180014_SSpecialT_1_ants (part 1)": 446.01643027580525, "S_SPT_5180001_SSpecialT_1_ants (part 1)": 312.1008237641761, "S_SPT_5100008_SSpecialT_1_ants": 205.08650132046634, "S_SPT_5190009_SSpecialT_1_ants (part 1)": 600.7944312121664, "S_SPT_5180016_SSpecialT_1_ants (part 1)": 541.1954451574937, "S_SPT_5090011_SSpecialT_1_ants (part 1)": 481.75363946544553, "S_SPT_5100005_SSpecialT_1_ants (part 1)": 325.1752582324841, "S_SPT_5100007_SSpecialT_1_ants": 229.99593073359384,