{"L_SPT_4650005_LSpecialT_1_ants (part 1)": 125.72723543231218, "L_SPT_4650007_LSpecialT_1_ants (part 1)": 69.85554267205892, "L_SPT_4650010_LSpecialT_1_ants (part 1)": 175.32516762743208, "L_SPT_4650013_LSpecialT_1_ants": 66.24230752940211, "L_SPT_4650014_LSpecialT_1_ants": 49.26851162841195, "L_SPT_4650015_LSpecialT_1_ants (part 1)": 172.64418143573045, "L_SPT_4650017_LSpecialT_1_ants (part 1)": 232.03386339834452, "L_SPT_4660001_LSpecialT_1_ants (part 1)": 166.36868401759315, "L_SPT_4660003_LSpecialT_1_ants": 71.406008017765, "L_SPT_4660004_LSpecialT_1_ants (part 1)": 141.44203347099105, "L_SPT_4660006_LSpecialT_1_ants (part 1)": 125.45786571287479, "L_SPT_4660008_LSpecialT_1_ants": 51.08926023568689, "L_SPT_4660009_LSpecialT_1_ants": 31.687421065670524, "L_SPT_4660010_LSpecialT_1_ants": 44.437032211493374, "L_SPT_4660011_LSpecialT_1_ants": 29.202182267941467, "L_SPT_4660012_LSpecialT_1_ants": 42.79334066830464, "L_SPT_4660016_LSpecialT_1_ants (part 1)": 156.16406069022898, "L_SPT_4660018_LSpecialT_1_ants (part 1)": 191.20696799757098, "L_SPT_4660021_LSpecialT_1_ants (part 1)": 163.33619757713595, "L_SPT_4670001_LSpecialT_1_ants (part 1)": 166.14439532951846, "L_SPT_4670004_LSpecialT_1_ants (part 1)": 205.10925930888797, "L_SPT_4670006_LSpecialT_1_ants (part 1)": 166.66208216485765, "L_SPT_4670011_LSpecialT_1_ants": 77.17156192937107, "L_SPT_4670013_LSpecialT_1_ants (part 1)": 119.78484521358254, "M_SPT_4680005_MSpecialT_1_ants": 53.35939246972244, "M_SPT_4680008_MSpecialT_1_ants (part 1)": 181.09525456966898, "M_SPT_4690006_MSpecialT_1_ants": 13.46909735917496, "M_SPT_4690009_MSpecialT_1_ants (part 1)": 104.83344590387453, "M_SPT_4690010_MSpecialT_1_ants": 58.6619326082363, "M_SPT_4690012_MSpecialT_1_ants": 57.34047081945526, "M_SPT_4690013_MSpecialT_1_ants (part 1)": 105.54304483397028, "XL_SPT_4630018_XLSpecialT_1_ants": 41.17915147556134, "M_SPT_4700003_MSpecialT_1_ants (part 1)": 58.91712203176644, "M_SPT_4700005_MSpecialT_1_ants": 39.32328281463109, "M_SPT_4700006_MSpecialT_1_ants": 51.90870561261475, "M_SPT_4700007_MSpecialT_1_ants": 45.31761753004809, "M_SPT_4700008_MSpecialT_1_ants": 74.78411715884239, "M_SPT_4700009_MSpecialT_1_ants": 64.0502072358149, "M_SPT_4700010_MSpecialT_1_ants (part 1)": 165.3487969315824, "M_SPT_4700012_MSpecialT_1_ants": 20.916127546028658, "M_SPT_4700013_MSpecialT_1_ants": 114.01699102966396, "M_SPT_4700014_MSpecialT_1_ants (part 1)": 121.26849050775577, "M_SPT_4700015_MSpecialT_1_ants": 76.04867041371611, "M_SPT_4700016_MSpecialT_1_ants (part 1)": 126.33979233528284, "M_SPT_4700018_MSpecialT_1_ants": 55.03998621298599, "M_SPT_4700021_MSpecialT_1_ants": 39.3522609309138, "M_SPT_4700022_MSpecialT_1_ants": 30.877977411933866, "M_SPT_4710001_MSpecialT_1_ants": 52.07088482686112, "M_SPT_4710003_MSpecialT_1_ants": 118.90320229730906, "M_SPT_4710004_MSpecialT_1_ants": 118.30519220614174, "M_SPT_4710005_MSpecialT_1_ants": 39.24243893545827, "S_SPT_4710013_SSpecialT_1_ants": 53.253041738614144, "S_SPT_4710014_SSpecialT_1_ants (part 1)": 67.30907489579793, "S_SPT_4720002_SSpecialT_1_ants (part 1)": 70.75853721396594, "S_SPT_4720005_SSpecialT_1_ants (part 1)": 114.49311352808532, "S_SPT_4720017_SSpecialT_1_ants": 123.7311620607649, "S_SPT_4730013_SSpecialT_1_ants (part 1)": 163.64453940297267, "S_SPT_4740002_SSpecialT_1_ants (part 1)": 274.2224930894692, "S_SPT_4740004_SSpecialT_1_ants": 51.362644740515165, "S_SPT_4740008_SSpecialT_1_ants (part 1)": 169.58732001933336, "XL_SPT_4630015_XLSpecialT_1_ants (part 1)": 65.96656547746562, "S_SPT_4750004_SSpecialT_1_ants (part 1)": 57.43408788582793, "S_SPT_4750005_SSpecialT_1_ants (part 1)": 158.59545812559446, "S_SPT_4750007_SSpecialT_1_ants (part 1)": 187.12786275175986, "S_SPT_4750009_SSpecialT_2_ants (part 1)": 260.04573460100454, "S_SPT_4750014_SSpecialT_1_ants (part 1)": 123.42797325499454, "S_SPT_4750016_SSpecialT_1_ants (part 1)": 64.86669820103107, "S_SPT_4760017_SSpecialT_1_ants (part 1)": 131.7549730775865, "S_SPT_4760019_SSpecialT_1_ants (part 1)": 186.06074281149964, "S_SPT_4770001_SSpecialT_1_ants (part 1)": 203.42957486009868, "S_SPT_4770005_SSpecialT_1_ants (part 1)": 136.0279801327542, "S_SPT_4770007_SSpecialT_1_ants (part 1)": 175.8257652397119, "S_SPT_4770012_SSpecialT_1_ants (part 1)": 8.474574922575002, "S_SPT_4780002_SSpecialT_1_ants": 12.773557311854553, "S_SPT_4780007_SSpecialT_1_ants (part 1)": 30.739080750146755, "S_SPT_4780009_SSpecialT_1_ants (part 1)": 27.884865951702338, "S_SPT_4790002_SSpecialT_1_ants (part 1)": 31.626585290360918, "S_SPT_4790005_SSpecialT_1_ants (part 1)": 15.016486115823994, "S_SPT_4790007_SSpecialT_1_ants (part 1)": 12.223987511604141, "S_SPT_4790009_SSpecialT_1_ants (part 1)": 18.700679899887824, "S_SPT_4800001_SSpecialT_1_ants (part 1)": 145.42266133372328, "S_SPT_4800004_SSpecialT_1_ants (part 1)": 10.1401080465665, "S_SPT_4800006_SSpecialT_1_ants (part 1)": 20.17225004669324, "S_SPT_4800009_SSpecialT_1_ants (part 1)": 37.68244090889391, "XL_SPT_4630002_XLSpecialT_1_ants (part 1)": 120.57230501224592, "XL_SPT_4630005_XLSpecialT_1_ants (part 1)": 88.60666539589775, "XL_SPT_4630007_XLSpecialT_1_ants (part 1)": 55.18124971915746, "XL_SPT_4630009_XLSpecialT_1_ants": 14.52181807553698, "XL_SPT_4630010_XLSpecialT_1_ants": 14.90657401276399, "XL_SPT_4630011_XLSpecialT_1_ants": 44.270499614295915, "XL_SPT_4630012_XLSpecialT_1_ants (part 1)": 83.09213933005245, "XL_SPT_4630014_XLSpecialT_1_ants": 21.49365894107099, "XL_SPT_4640012_XLSpecialT_1_ants": 53.03900109378085, "XL_SPT_4630017_XLSpecialT_1_ants": 32.222802987416586, "XL_SPT_4640015_XLSpecialT_1_ants": 50.134829726628894, "XL_SPT_4640023_XLSpecialT_1_ants": 46.83199816753943, "XL_SPT_4640005_XLSpecialT_1_ants (part 1)": 74.15417682985264, "XL_SPT_4640007_XLSpecialT_1_ants (part 1)": 65.94867839734906, "XL_SPT_4640009_XLSpecialT_1_ants (part 1)": 98.50413199206795, "XL_SPT_4640013_XLSpecialT_1_ants": 26.003615178198675, "XL_SPT_4640014_XLSpecialT_1_ants": 36.601698238774674, "XL_SPT_4640016_XLSpecialT_1_ants (part 1)": 64.30547069558884, "XL_SPT_4640018_XLSpecialT_1_ants": 22.80227910368843, "XL_SPT_4640020_XLSpecialT_1_ants": 20.905148386141242, "XL_SPT_4640021_XLSpecialT_1_ants (part 1)": 102.84910244494658, "XL_SPT_4640024_XLSpecialT_1_ants (part 1)": 82.04716543875476, "XL_SPT_4630019_XLSpecialT_1_ants (part 1)": 75.51945723369325, "L_SPT_5010001_LSpecialT_1_ants (part 1)": 112.86079003441199, "S_SPT_4750002_SSpecialT_1_ants (part 1)": 289.04168178928137, "XL_SPT_5040008_XLSpecialT_1_ants (part 1)": 35.621462743439096, "M_SPT_5050016_MSpecialT_1": 122.40060629471567, "M_SPT_5050005_MSpecialT_1_ants (part 1)": 191.77857401960847, "M_SPT_5050010_MSpecialT_1_ants (part 1)": 209.94805448005584, "M_SPT_5050014_MSpecialT_1 (part 1)": 248.16110706783638, "XL_SPT_5040013_XLSpecialT_1_ants": 21.609200037861967, "M_SPT_5050017_MSpecialT_1 (part 1)": 240.09158852553145, "M_SPT_5050008_MSpecialT_1_ants (part 1)": 164.29185721418327, "XL_SPT_5040010_XLSpecialT_1_ants (part 1)": 85.2966218577778, "S_SPT_5090009_SSpecialT_1_ants (part 1)": 247.73309563973947, "S_SPT_5180020_SSpecialT_1_ants": 192.20171894332094, "S_SPT_5100010_SSpecialT_1_ants (part 1)": 152.99339271894246, "S_SPT_5090007_SSpecialT_1_ants (part 1)": 295.96895084002387, "S_SPT_5180007_SSpecialT_1_ants (part 1)": 275.37988119510135, "S_SPT_5190017_SSpecialT_1_ants": 25.274461928167916, "S_SPT_5190018_SSpecialT_1_ants": 77.48937270088703, "S_SPT_5100003_SSpecialT_1_ants (part 1)": 288.86981352400187, "S_SPT_5180005_SSpecialT_1_ants (part 1)": 334.6491216353673, "S_SPT_5180014_SSpecialT_1_ants (part 1)": 262.88949762061253, "S_SPT_5180001_SSpecialT_1_ants (part 1)": 175.15348434523239, "S_SPT_5100008_SSpecialT_1_ants": 155.61867665635728, "S_SPT_5190009_SSpecialT_1_ants (part 1)": 344.90221332500795, "S_SPT_5180016_SSpecialT_1_ants (part 1)": 343.1172391320823, "S_SPT_5090011_SSpecialT_1_ants (part 1)": 373.19760736411894, "S_SPT_5100005_SSpecialT_1_ants (part 1)": 247.8940443444505,