{"large_20201223134434_20201223135651": 45.983202675210826, "large_20210413134959_20210413135433": 22.282536493349934, "large_20210419100024_20210419100547": 35.1578616722138, "large_20210419164116_20210419164922": 44.44921491224136, "large_20210421105149_20210421105838": 29.392607702194184, "large_20210526204229_20210526210415": 77.67427430589214, "large_20210726231259_20210726232557": 67.98084518934995, "large_20210805173411_20210805174236": 44.15059256303758, "large_20210901004920_20210901005710": 31.835073876013972, "large_20211006174255_20211006174947": 41.33263610002273, "large_20211125134255_20211125135006": 54.70796533742259, "large_20220227155150_20220227160906": 60.23691416845138, "large_20220411101311_20220411103219": 47.906839338464096, "large_20220527112227_20220527112931": 40.807516047394714, "large_20220606161941_20220606162742": 44.51795365890323, "large_20220612174558_20220612175321": 42.57578845619993, "large_20220628104840_20220628105320": 43.448214774344294, "large_20220907180607_20220907181742": 51.69749889114874, "large_20220916094738_20220916094812": 33.33204062616322, "large_20230226170814_20230226171448": 52.51150969884106, "large_20230219122939_20230219123549": 40.76939308706342, "large_20201223122013_20201223123038": 43.552398572788654, "large_20201223132111_20201223133229": 62.71036021043155, "large_20210413110406_20210413111655": 110.04778894251949, "large_20210413163535_20210413164140": 50.04007073995134, "large_20210419162533_20210419163108": 41.7689536360765, "large_20210420115513_20210420120157": 51.38426120140179, "large_20210422152915_20210422153754": 48.90089704357533, "large_20210526202254_20210526203449": 65.29108163327307, "large_20210708001919_20210708003910": 53.15717115521769, "large_20210726224634_20210726225802": 57.262788095485305, "large_20210805171741_20210805172610": 50.39248610806957, "large_20211006172334_20211006173302": 52.337057495090995, "large_20211125132835_20211125134209": 52.67433379943155, "large_20220411095703_20220411100407": 48.5014224527055, "large_20220527110334_20220527111332": 41.847490670382584, "large_20220606152525_20220606153638": 50.43284798019121, "large_20220606172145_20220606172851": 56.44601982171871, "large_20220628103531_20220628104058": 38.910605205225345, "large_20220907174651_20220907180011": 122.97360612476918, "large_20220916093357_20220916093455": 43.425227636219745, "medium_20201223103346_20201223103710": 24.387674364877103, "medium_20201223105429_20201223110802": 20.081744796241274, "medium_20201223115621_20201223120011": 21.744487292661468, "medium_20201223130749_20201223131147": 17.235525409788124, "medium_20201223143829_20201223144320": 23.364963847601317, "medium_20210413113318_20210413113813": 14.928215460575931, "medium_20210418105227_20210418105720": 17.28384497469259, "medium_20210419121802_20210419122542": 29.71154601695955, "medium_20210419142429_20210419142729": 12.395571460941866, "medium_20210420105247_20210420105810": 22.567427990867685, "medium_20210420121843_20210420122033_20210420122033_20210420122034_20210420122034_20210420122748": 25.478717834901715, "medium_20210420162457_20210420162603_20210420162603_20210420162607_20210420162607_20210420163217": 20.50072509268645, "medium_20210421113741_20210421114115": 11.54744469783762, "medium_20210421152722_20210421153142": 17.12751606498026, "medium_20210422120933_20210422121602": 24.546562136843235, "medium_20210726234512_20210726235005": 17.931257401471367, "medium_20220411112203_20220411112223": 19.08961213323737, "medium_20220606165727_20220606170226_20220606170226_20220606170230_20220606170230_20220606170440": 24.34049739667035, "medium_20220606190444_20220606190550": 33.885012219054865, "medium_20220606192004_20220606192044": 31.543934497314268, "medium_20220907174112_20220907174301_20220907174301_20220907174355": 27.755096474153085, "medium_20230313180355_20230313180629_20230313180629_20230313180648": 21.877376183246223, "medium_20201222145956_20201222150239": 9.094366379327795, "medium_20201222151114_20201222151522": 24.419113277139914, "medium_20201223092902_20201223093421": 32.55460570433555, "medium_20201223102336_20201223102756": 20.514769592777913, "medium_20201223112403_20201223112909": 21.801364740118004, "medium_20201223125622_20201223130532": 24.16021006777193, "medium_20201223142658_20201223143222": 20.043188700333083, "medium_20201223151534_20201223151923": 23.419540752217486, "medium_20210413102456_20210413103052": 30.713735981138427, "medium_20210413142742_20210413143404": 22.278354568552977, "medium_20210418111911_20210418112531": 42.94536395160855, "medium_20210419120301_20210419120312_20210419120312_20210419120725": 28.321653910439377, "medium_20210419135713_20210419140255": 30.071895291604484, "medium_20210420093201_20210420093716": 23.877726747299512, "medium_20210420113123_20210420113650": 26.59634047661082, "medium_20210420142809_20210420143411": 37.35464766560652, "medium_20210421102401_20210421102944": 20.385837881083418, "medium_20210421112829_20210421113218": 20.78871084699223, "medium_20210421115444_20210421115951": 26.147865486354704, "medium_20210421163151_20210421163703": 27.51252119870528, "medium_20210422093113_20210422093508_20210422093508_20210422093511_20210422093511_20210422093827": 27.14810745242253, "medium_20210422115548_20210422120405": 29.79089531064862, "medium_20210422123440_20210422123858": 17.96787885131873, "medium_20210507225832_20210507230303": 30.374328972015697, "medium_20210507231200_20210507231609_20210507231609_20210507232223": 39.58142799752022, "medium_20220606154742_20220606155519": 32.57113961952093, "medium_20220606182045_20220606182255": 20.857572249949165, "medium_20230313174403_20230313180024": 59.50478791403139, "small2_20201223092455_20201223092916": 10.556036492091149, "small2_20201223095608_20201223095923": 4.120983764617541, "small2_20201223112258_20201223112428_20201223112428_20201223112431_20201223112431_20201223112644": 10.239844728998811, "small2_20201223112739_20201223113008": 6.7502899855691805, "small2_20201223115400_20201223115621": 8.498455484487039, "small2_20210413092312_20210413092532": 7.198891129925659, "small2_20210413102517_20210413102720": 7.661029653992547, "small2_20210413113259_20210413113611": 9.974697607430963, "small2_20210413113814_20210413113945": 5.537930298935216, "small2_20210418101415_20210418101708": 11.115415391636406, "small2_20210419120252_20210419120508": 5.572721726127428, "small2_20210419140835_20210419141149": 11.091050763830312, "small2_20210421094633_20210421095016": 7.743743338973935, "small2_20210421104900_20210421105149": 11.797799105992263, "small2_20210421152847_20210421153104": 9.301141561816571, "small2_20210422161832_20210422162305": 18.3801182665969, "small2_20210422162320_20210422162533": 10.03571834961544, "small2_20220308114229_20220308114633": 15.405023727109054, "small2_20220308115150_20220308115417": 11.063515511016256, "small2_20220308115539_20220308115847_20220308115847_20220308115848": 9.450142961084726, "small2_20220308120059_20220308120426_20220308120430_20220308120544": 20.63780598197277, "small2_20220308120654_20220308120947": 12.11259572542896, "small2_20220308121109_20220308121501": 12.209618465551806, "small2_20220606162615_20220606163053": 12.049855085392892, "small2_20220606163332_20220606163525": 8.317220957272603, "small2_20220606164317_20220606164531": 8.605648062795819, "small2_20220606173740_20220606174126": 17.87906070868972, "small2_20220606174258_20220606174546": 7.603334760109265, "small2_20220606175207_20220606175523": 15.544944544480158, "small_20201223095702_20201223100014": 8.475413361190963, "small_20210413092244_20210413092445": 9.581824274242805, "small_20210413092843_20210413092959": 5.91162597498078, "small_20210413102456_20210413102801": 9.403253079568614, "small_20210413102908_20210413103002": 5.008599330621964, "small_20210413113247_20210413113514": 12.280961747587778, "small_20210413113814_20210413113959": 4.060404200332893,