{"large_20201223134434_20201223135651": 10.509007112289947, "large_20210413134959_20210413135433": 7.135955027245281, "large_20210419100024_20210419100547": 11.151905815095908, "large_20210419164116_20210419164922": 9.966869038825227, "large_20210421105149_20210421105838": 8.200622829194772, "large_20210526204229_20210526210415": 18.176061426119862, "large_20210726231259_20210726232557": 14.675736454532238, "large_20210805173411_20210805174236": 12.101401822319986, "large_20210901004920_20210901005710": 10.10159894573185, "large_20211006174255_20211006174947": 10.83866852607937, "large_20211125134255_20211125135006": 11.198611488796525, "large_20220227155150_20220227160906": 14.255204095320456, "large_20220411101311_20220411103219": 11.310290800937, "large_20220527112227_20220527112931": 8.336241364579395, "large_20220606161941_20220606162742": 9.916581332105547, "large_20220612174558_20220612175321": 11.262622052023252, "large_20220628104840_20220628105320": 11.439918143881357, "large_20220907180607_20220907181742": 15.248794996255242, "large_20220916094738_20220916094812": 9.296937812695582, "large_20230226170814_20230226171448": 12.541864883713687, "large_20230219122939_20230219123549": 9.874827796061123, "large_20201223122013_20201223123038": 9.254835347404265, "large_20201223132111_20201223133229": 15.001573756105483, "large_20210413110406_20210413111655": 27.303877960537566, "large_20210413163535_20210413164140": 11.600924505780476, "large_20210419162533_20210419163108": 10.668119908310663, "large_20210420115513_20210420120157": 10.664222818051137, "large_20210422152915_20210422153754": 10.298900364066313, "large_20210526202254_20210526203449": 13.953924780063597, "large_20210708001919_20210708003910": 11.726939718174084, "large_20210726224634_20210726225802": 10.908173541159954, "large_20210805171741_20210805172610": 12.603647425412873, "large_20211006172334_20211006173302": 12.104159779735232, "large_20211125132835_20211125134209": 12.784631788179976, "large_20220411095703_20220411100407": 10.537059299105414, "large_20220527110334_20220527111332": 9.540569425188485, "large_20220606152525_20220606153638": 12.561307957037021, "large_20220606172145_20220606172851": 11.886577110354391, "large_20220628103531_20220628104058": 9.584791484808136, "large_20220907174651_20220907180011": 26.546241397280177, "large_20220916093357_20220916093455": 9.303377116121496, "medium_20201223103346_20201223103710": 12.154988425597315, "medium_20201223105429_20201223110802": 11.843961022383843, "medium_20201223115621_20201223120011": 9.972400178158054, "medium_20201223130749_20201223131147": 9.754657609377698, "medium_20201223143829_20201223144320": 12.899996886387644, "medium_20210413113318_20210413113813": 9.32707478914979, "medium_20210418105227_20210418105720": 11.413190353956209, "medium_20210419121802_20210419122542": 14.69091151714226, "medium_20210419142429_20210419142729": 7.130567608739804, "medium_20210420105247_20210420105810": 10.636740502077757, "medium_20210420121843_20210420122033_20210420122033_20210420122034_20210420122034_20210420122748": 12.980483944894189, "medium_20210420162457_20210420162603_20210420162603_20210420162607_20210420162607_20210420163217": 12.553411146494259, "medium_20210421113741_20210421114115": 7.529891747513573, "medium_20210421152722_20210421153142": 8.79437487915384, "medium_20210422120933_20210422121602": 12.320957490221845, "medium_20210726234512_20210726235005": 8.913270649117127, "medium_20220411112203_20220411112223": 9.912130940611258, "medium_20220606165727_20220606170226_20220606170226_20220606170230_20220606170230_20220606170440": 12.61408251913278, "medium_20220606190444_20220606190550": 18.859016772345285, "medium_20220606192004_20220606192044": 15.126603978504972, "medium_20220907174112_20220907174301_20220907174301_20220907174355": 11.744099493221174, "medium_20230313180355_20230313180629_20230313180629_20230313180648": 10.133393774451829, "medium_20201222145956_20201222150239": 5.883418519804939, "medium_20201222151114_20201222151522": 13.913967300011038, "medium_20201223092902_20201223093421": 13.491623705011566, "medium_20201223102336_20201223102756": 10.249732810637921, "medium_20201223112403_20201223112909": 11.646342804203858, "medium_20201223125622_20201223130532": 10.785614738316562, "medium_20201223142658_20201223143222": 9.760693436590604, "medium_20201223151534_20201223151923": 7.841417607422823, "medium_20210413102456_20210413103052": 15.221628950492004, "medium_20210413142742_20210413143404": 11.702957538546482, "medium_20210418111911_20210418112531": 18.506114912299086, "medium_20210419120301_20210419120312_20210419120312_20210419120725": 11.598580441850583, "medium_20210419135713_20210419140255": 14.239618541499645, "medium_20210420093201_20210420093716": 13.304193667846906, "medium_20210420113123_20210420113650": 11.370123156696916, "medium_20210420142809_20210420143411": 15.153084378539141, "medium_20210421102401_20210421102944": 10.945846863662535, "medium_20210421112829_20210421113218": 9.02260341558637, "medium_20210421115444_20210421115951": 10.139034351277328, "medium_20210421163151_20210421163703": 13.419001386563025, "medium_20210422093113_20210422093508_20210422093508_20210422093511_20210422093511_20210422093827": 10.240387960300943, "medium_20210422115548_20210422120405": 16.159055850719866, "medium_20210422123440_20210422123858": 8.43896722363885, "medium_20210507225832_20210507230303": 13.686310240267169, "medium_20210507231200_20210507231609_20210507231609_20210507232223": 17.03744735464561, "medium_20220606154742_20220606155519": 13.38552146361506, "medium_20220606182045_20220606182255": 10.022449402776733, "medium_20230313174403_20230313180024": 32.41422523128023, "small2_20201223092455_20201223092916": 10.659322853708318, "small2_20201223095608_20201223095923": 7.226380501847211, "small2_20201223112258_20201223112428_20201223112428_20201223112431_20201223112431_20201223112644": 9.688430453737647, "small2_20201223112739_20201223113008": 6.702549544260194, "small2_20201223115400_20201223115621": 9.463441730831848, "small2_20210413092312_20210413092532": 9.848807187991312, "small2_20210413102517_20210413102720": 7.907718933559017, "small2_20210413113259_20210413113611": 9.668422650702961, "small2_20210413113814_20210413113945": 8.27286671565298, "small2_20210418101415_20210418101708": 17.068456001291125, "small2_20210419120252_20210419120508": 8.78697052449802, "small2_20210419140835_20210419141149": 12.167552124411387, "small2_20210421094633_20210421095016": 6.6970648937642885, "small2_20210421104900_20210421105149": 11.62266772822284, "small2_20210421152847_20210421153104": 9.919468713673165, "small2_20210422161832_20210422162305": 20.036377399887783, "small2_20210422162320_20210422162533": 12.708540107487995, "small2_20220308114229_20220308114633": 13.337178886060615, "small2_20220308115150_20220308115417": 12.726398420186026, "small2_20220308115539_20220308115847_20220308115847_20220308115848": 12.540944053221892, "small2_20220308120059_20220308120426_20220308120430_20220308120544": 19.294443559837802, "small2_20220308120654_20220308120947": 11.130438304037352, "small2_20220308121109_20220308121501": 11.882831253402383, "small2_20220606162615_20220606163053": 15.427903613254266, "small2_20220606163332_20220606163525": 7.001558115336984, "small2_20220606164317_20220606164531": 11.444200523576953, "small2_20220606173740_20220606174126": 17.310606485487405, "small2_20220606174258_20220606174546": 10.94533226122821, "small2_20220606175207_20220606175523": 15.724761036069529, "small_20201223095702_20201223100014": 7.972031288464562, "small_20210413092244_20210413092445": 8.012168242660971, "small_20210413092843_20210413092959": 7.67433476110022, "small_20210413102456_20210413102801": 8.229170532977564, "small_20210413102908_20210413103002": 8.449490832351021, "small_20210413113247_20210413113514": 13.193130481480809, "small_20210413113814_20210413113959": 6.91832839841336,