{"large_20201223134434_20201223135651": 76.45878001139495, "large_20210413134959_20210413135433": 45.79132248856618, "large_20210419100024_20210419100547": 71.23134052895173, "large_20210419164116_20210419164922": 72.80535189242944, "large_20210421105149_20210421105838": 55.41987238644045, "large_20210526204229_20210526210415": 133.8903685189896, "large_20210726231259_20210726232557": 110.18691756614318, "large_20210805173411_20210805174236": 81.86321679825365, "large_20210901004920_20210901005710": 64.23552430138118, "large_20211006174255_20211006174947": 75.90661622328001, "large_20211125134255_20211125135006": 84.37448079759294, "large_20220227155150_20220227160906": 101.94517065503766, "large_20220411101311_20220411103219": 80.64494179864056, "large_20220527112227_20220527112931": 64.0808023952486, "large_20220606161941_20220606162742": 72.4112154162786, "large_20220612174558_20220612175321": 77.92057555813506, "large_20220628104840_20220628105320": 79.42133445756653, "large_20220907180607_20220907181742": 100.01176619943936, "large_20220916094738_20220916094812": 61.67877210642846, "large_20230226170814_20230226171448": 90.38800048741322, "large_20230219122939_20230219123549": 71.96121468545603, "large_20201223122013_20201223123038": 70.24237988861643, "large_20201223132111_20201223133229": 106.7669915482529, "large_20210413110406_20210413111655": 190.61923756192434, "large_20210413163535_20210413164140": 83.10168984214039, "large_20210419162533_20210419163108": 76.50477454366552, "large_20210420115513_20210420120157": 81.35575556753736, "large_20210422152915_20210422153754": 78.05003905300964, "large_20210526202254_20210526203449": 105.38221201458646, "large_20210708001919_20210708003910": 87.9837236407578, "large_20210726224634_20210726225802": 89.29971367359126, "large_20210805171741_20210805172610": 90.31009642396768, "large_20211006172334_20211006173302": 86.81058167159637, "large_20211125132835_20211125134209": 90.27272550244729, "large_20220411095703_20220411100407": 78.53014211219765, "large_20220527110334_20220527111332": 71.73508467659016, "large_20220606152525_20220606153638": 87.60109990222311, "large_20220606172145_20220606172851": 90.48572805616064, "large_20220628103531_20220628104058": 65.80360066439485, "large_20220907174651_20220907180011": 199.5929528843772, "large_20220916093357_20220916093455": 70.07093497923827, "medium_20201223103346_20201223103710": 42.07866724538738, "medium_20201223105429_20201223110802": 37.6679930249065, "medium_20201223115621_20201223120011": 35.3784534256946, "medium_20201223130749_20201223131147": 32.43821560433572, "medium_20201223143829_20201223144320": 43.24878378263769, "medium_20210413113318_20210413113813": 29.27173444805873, "medium_20210418105227_20210418105720": 35.140899786150456, "medium_20210419121802_20210419122542": 50.31805856103001, "medium_20210419142429_20210419142729": 23.959272024426163, "medium_20210420105247_20210420105810": 37.52715092869079, "medium_20210420121843_20210420122033_20210420122033_20210420122034_20210420122034_20210420122748": 44.22942691569402, "medium_20210420162457_20210420162603_20210420162603_20210420162607_20210420162607_20210420163217": 40.39253973106572, "medium_20210421113741_20210421114115": 22.788471859900774, "medium_20210421152722_20210421153142": 29.836254890673708, "medium_20210422120933_20210422121602": 42.87436455520853, "medium_20210726234512_20210726235005": 30.957678769415104, "medium_20220411112203_20220411112223": 34.00479011688066, "medium_20220606165727_20220606170226_20220606170226_20220606170230_20220606170230_20220606170440": 42.270251537642004, "medium_20220606190444_20220606190550": 61.479027456577924, "medium_20220606192004_20220606192044": 53.68815646920392, "medium_20220907174112_20220907174301_20220907174301_20220907174355": 44.371796460467124, "medium_20230313180355_20230313180629_20230313180629_20230313180648": 35.93387861204742, "medium_20201222145956_20201222150239": 18.096159505482937, "medium_20201222151114_20201222151522": 45.27143295974736, "medium_20201223092902_20201223093421": 51.2308032240438, "medium_20201223102336_20201223102756": 35.50226722768059, "medium_20201223112403_20201223112909": 38.645315753243636, "medium_20201223125622_20201223130532": 39.936255912496605, "medium_20201223142658_20201223143222": 34.17368405291408, "medium_20201223151534_20201223151923": 33.47444362492579, "medium_20210413102456_20210413103052": 52.12092869983613, "medium_20210413142742_20210413143404": 40.111031970991405, "medium_20210418111911_20210418112531": 68.9147180004798, "medium_20210419120301_20210419120312_20210419120312_20210419120725": 44.089088989779334, "medium_20210419135713_20210419140255": 50.59039686014554, "medium_20210420093201_20210420093716": 43.52223037150545, "medium_20210420113123_20210420113650": 41.66518044286736, "medium_20210420142809_20210420143411": 57.1646520756901, "medium_20210421102401_20210421102944": 35.857802147594306, "medium_20210421112829_20210421113218": 33.63350670001728, "medium_20210421115444_20210421115951": 40.22312311965432, "medium_20210421163151_20210421163703": 47.69219352078412, "medium_20210422093113_20210422093508_20210422093508_20210422093511_20210422093511_20210422093827": 40.63839234636009, "medium_20210422115548_20210422120405": 54.74559843946312, "medium_20210422123440_20210422123858": 29.55520186250777, "medium_20210507225832_20210507230303": 49.75362905264562, "medium_20210507231200_20210507231609_20210507231609_20210507232223": 62.14532187777308, "medium_20220606154742_20220606155519": 51.331301101754796, "medium_20220606182045_20220606182255": 36.75400758889174, "medium_20230313174403_20230313180024": 109.05045376207697, "small2_20201223092455_20201223092916": 17.833604671782346, "small2_20201223095608_20201223095923": 9.81013764890016, "small2_20201223112258_20201223112428_20201223112428_20201223112431_20201223112431_20201223112644": 17.05937618827944, "small2_20201223112739_20201223113008": 11.536850185325422, "small2_20201223115400_20201223115621": 15.88325138472531, "small2_20210413092312_20210413092532": 14.722989226088616, "small2_20210413102517_20210413102720": 13.102372852200633, "small2_20210413113259_20210413113611": 16.621439862045754, "small2_20210413113814_20210413113945": 11.97274867764649, "small2_20210418101415_20210418101708": 25.167516988953444, "small2_20210419120252_20210419120508": 12.550131315549304, "small2_20210419140835_20210419141149": 19.93074707579456, "small2_20210421094633_20210421095016": 12.16522939819102, "small2_20210421104900_20210421105149": 19.68514430103459, "small2_20210421152847_20210421153104": 16.621557114634548, "small2_20210422161832_20210422162305": 33.311917113411084, "small2_20210422162320_20210422162533": 19.385209706625673, "small2_20220308114229_20220308114633": 24.263077101855814, "small2_20220308115150_20220308115417": 20.29513860582353, "small2_20220308115539_20220308115847_20220308115847_20220308115848": 18.59134107361955, "small2_20220308120059_20220308120426_20220308120430_20220308120544": 33.881015522110616, "small2_20220308120654_20220308120947": 19.64318424273598, "small2_20220308121109_20220308121501": 20.293140536322547, "small2_20220606162615_20220606163053": 23.31810790150564, "small2_20220606163332_20220606163525": 12.817010469200866, "small2_20220606164317_20220606164531": 17.310458480561472, "small2_20220606173740_20220606174126": 29.430840915062294, "small2_20220606174258_20220606174546": 16.12582402424364, "small2_20220606175207_20220606175523": 26.538242797043182, "small_20201223095702_20201223100014": 13.619235133722226, "small_20210413092244_20210413092445": 14.856635475534283, "small_20210413092843_20210413092959": 11.79712305041969, "small_20210413102456_20210413102801": 14.917269197635799, "small_20210413102908_20210413103002": 11.66882402848708, "small_20210413113247_20210413113514": 22.172316753431694, "small_20210413113814_20210413113959": 9.427663225691603,