{"group1": 170.55577455241632, "group2": 176.49301851729018, "group3": 28.859551419260516}